"class","odor","gill.color","stalk.root","stalk.color.above.ring","stalk.color.below.ring","ring.number","ring.type","spore.print.color","population","habitat"
"1123","e","n","p","e","w","w","o","e","n","s","g"
"690","e","a","k","c","w","w","o","p","k","s","g"
"2983","e","n","u","b","g","w","o","p","n","v","d"
"1042","e","a","n","r","w","w","o","p","k","s","p"
"3370","e","n","w","b","p","g","o","p","k","y","d"
"2407","e","n","w","b","g","w","o","p","n","y","d"
"3723","e","n","p","b","p","w","o","p","n","y","d"
"3100","e","n","u","b","g","g","o","p","n","y","d"
"2651","e","n","n","b","p","g","o","p","n","y","d"
"1234","e","n","p","e","w","w","o","e","n","a","g"
"7808","e","n","n","?","o","o","o","p","b","c","l"
"5099","e","n","e","?","w","w","t","e","w","c","w"
"2498","e","n","w","b","g","w","o","p","k","y","d"
"2910","e","n","p","b","w","p","o","p","n","y","d"
"7632","e","n","w","?","w","w","t","p","w","s","g"
"1912","e","n","u","b","g","g","o","p","k","v","d"
"2885","e","n","u","b","p","p","o","p","k","v","d"
"3456","e","n","p","b","g","w","o","p","k","y","d"
"1115","e","l","p","r","w","w","o","p","k","s","g"
"5629","e","n","e","?","w","e","t","e","w","c","w"
"529","e","n","k","e","w","w","o","p","k","y","u"
"5979","e","n","w","b","w","n","o","e","w","v","l"
"705","e","l","p","r","w","w","o","p","n","s","p"
"641","e","l","w","c","w","w","o","p","k","n","m"
"7034","e","n","o","?","o","o","o","p","n","c","l"
"5285","e","n","w","?","w","w","o","f","h","v","d"
"1594","e","n","n","e","w","w","o","e","n","a","g"
"7818","e","n","w","?","w","w","t","p","w","n","g"
"152","e","n","p","e","w","w","o","e","n","a","g"
"4832","e","n","e","?","w","w","t","e","w","c","w"
"1135","e","a","g","c","w","w","o","p","k","n","g"
"7480","e","n","w","?","w","w","t","p","w","s","g"
"336","e","n","p","b","p","w","o","p","k","y","d"
"2078","e","n","w","b","w","w","o","p","n","y","d"
"291","e","n","g","e","w","w","o","p","k","y","u"
"95","e","n","n","e","w","w","o","e","n","a","g"
"3840","e","n","p","b","w","g","o","p","k","y","d"
"3049","e","n","p","b","p","w","o","p","k","y","d"
"1005","e","l","p","r","w","w","o","p","n","y","g"
"7212","e","n","g","?","w","w","t","p","w","n","g"
"624","e","a","n","r","w","w","o","p","k","s","p"
"4460","e","n","e","?","e","e","t","e","w","c","w"
"1317","e","n","k","e","w","w","o","e","n","s","g"
"1069","e","n","u","b","g","g","o","p","k","v","d"
"2433","e","n","w","b","w","g","o","p","n","y","d"
"1419","e","n","h","e","w","w","o","e","n","s","g"
"675","e","l","w","r","w","w","o","p","n","s","p"
"3216","e","n","u","b","w","p","o","p","n","v","d"
"4284","e","n","e","?","w","w","t","e","w","c","w"
"1302","e","n","k","e","w","w","o","e","k","a","g"
"3298","e","n","n","b","w","w","o","p","k","v","d"
"1758","e","n","n","e","w","w","o","e","k","s","g"
"1060","e","n","h","e","w","w","o","e","n","s","g"
"7674","e","n","w","b","w","w","t","p","w","v","p"
"2569","e","n","p","b","g","g","o","p","n","v","d"
"1576","e","n","k","e","w","w","o","e","k","a","g"
"3007","e","n","u","b","g","p","o","p","n","v","d"
"1894","e","n","n","e","w","w","o","e","n","a","g"
"660","e","n","k","e","w","w","o","p","n","y","u"
"480","e","l","n","c","w","w","o","p","k","s","m"
"849","e","l","k","c","w","w","o","p","n","n","m"
"3917","e","n","n","b","w","p","o","p","n","v","d"
"1985","e","n","u","b","p","g","o","p","n","v","d"
"7468","e","n","o","?","o","o","o","p","o","c","l"
"2599","e","n","n","b","p","p","o","p","n","y","d"
"2235","e","n","p","b","p","g","o","p","k","v","d"
"636","e","a","w","c","w","w","o","p","n","s","m"
"2223","e","n","n","b","w","w","o","p","n","v","d"
"365","e","a","w","c","w","w","o","p","k","n","g"
"7623","e","n","g","?","w","w","t","p","w","n","g"
"2816","e","n","w","b","g","p","o","p","n","v","d"
"2779","e","n","n","b","g","p","o","p","n","v","d"
"2161","e","n","u","b","w","g","o","p","k","y","d"
"3588","e","n","p","b","p","p","o","p","k","y","d"
"2976","e","n","u","b","p","p","o","p","k","y","d"
"2456","e","n","p","b","p","p","o","p","k","v","d"
"119","e","l","p","b","w","w","o","p","u","v","d"
"241","e","a","w","r","w","w","o","p","k","y","p"
"662","e","l","k","c","w","w","o","p","k","s","m"
"182","e","n","g","e","w","w","o","p","n","y","u"
"3681","e","n","n","b","p","p","o","p","k","y","d"
"2862","e","n","w","b","p","p","o","p","k","v","d"
"2436","e","n","u","b","p","g","o","p","n","y","d"
"488","e","n","p","e","w","w","o","p","n","y","u"
"204","e","n","h","e","w","w","o","e","k","s","g"
"185","e","a","p","r","w","w","o","p","k","s","p"
"52","e","l","k","c","w","w","o","p","k","s","g"
"5732","e","n","e","?","e","w","t","e","w","c","w"
"5587","e","n","h","?","w","w","o","f","h","y","d"
"7055","e","n","o","?","o","o","o","p","o","v","l"
"896","e","l","p","r","w","w","o","p","n","s","g"
"5954","e","n","e","?","e","e","t","e","w","c","w"
"4940","e","n","w","?","e","w","t","e","w","c","w"
"528","e","a","k","c","w","w","o","p","n","s","m"
"4735","e","n","w","b","w","w","o","p","k","y","d"
"665","e","l","g","c","w","w","o","p","n","s","g"
"3779","e","n","w","b","p","p","o","p","n","v","d"
"7675","e","n","n","?","o","o","o","p","n","v","l"
"5194","e","n","w","?","e","w","t","e","w","c","w"
"1655","e","n","p","e","w","w","o","e","k","s","g"
"540","e","a","p","b","w","w","o","p","u","v","d"
"7548","e","n","y","?","o","o","o","p","n","v","l"
"1015","e","n","h","e","w","w","o","e","k","s","g"
"242","e","l","w","c","w","w","o","p","k","s","g"
"602","e","l","w","r","w","w","o","p","n","y","g"
"7544","e","n","n","?","o","o","o","p","b","v","l"
"1038","e","a","n","b","w","w","o","p","n","v","d"
"2620","e","n","p","b","g","g","o","p","k","y","d"
"2104","e","n","p","b","p","g","o","p","n","y","d"
"1319","e","l","n","c","w","w","o","p","k","s","m"
"1955","e","n","p","b","p","g","o","p","k","v","d"
"7117","e","n","w","b","w","w","t","p","w","v","p"
"2162","e","n","p","b","g","w","o","p","n","y","d"
"1239","e","n","h","e","w","w","o","e","n","s","g"
"3691","e","n","n","b","w","w","o","p","n","v","d"
"283","e","n","p","e","w","w","o","p","n","v","u"
"2245","e","n","n","b","p","g","o","p","k","v","d"
"7542","e","n","g","?","w","w","t","p","w","s","g"
"586","e","a","k","c","w","w","o","p","n","s","m"
"317","e","a","w","b","w","w","o","p","n","v","d"
"7006","e","n","p","?","w","w","t","p","w","s","g"
"999","e","l","w","c","w","w","o","p","n","n","m"
"969","e","n","k","e","w","w","o","e","k","s","g"
"3036","e","n","w","b","g","p","o","p","n","y","d"
"2759","e","n","p","b","p","w","o","p","k","y","d"
"3603","e","n","p","b","p","w","o","p","k","y","d"
"2314","e","n","u","b","p","p","o","p","n","v","d"
"592","e","n","h","e","w","w","o","e","k","s","g"
"1664","e","l","n","c","w","w","o","p","k","n","g"
"8052","e","n","w","?","w","w","t","p","w","s","g"
"7845","e","n","y","?","o","o","o","p","b","v","l"
"4843","e","n","n","b","w","p","o","p","n","y","d"
"1840","e","n","n","e","w","w","o","e","k","s","g"
"648","e","l","k","c","w","w","o","p","k","n","m"
"6942","e","n","w","b","w","w","t","p","w","v","p"
"3579","e","n","n","b","g","p","o","p","n","v","d"
"330","e","a","g","c","w","w","o","p","k","n","g"
"3291","e","n","p","b","g","w","o","p","k","y","d"
"7111","e","n","w","?","w","w","t","p","w","n","g"
"341","e","a","k","c","w","w","o","p","n","s","g"
"1847","e","n","h","e","w","w","o","e","n","a","g"
"7012","e","n","g","?","w","w","t","p","w","s","g"
"4789","e","n","n","b","p","w","o","p","n","v","d"
"4861","e","n","w","?","e","w","t","e","w","c","w"
"3786","e","n","n","b","g","g","o","p","n","v","d"
"6938","e","n","p","?","w","w","t","p","w","s","g"
"2194","e","n","u","b","p","g","o","p","k","y","d"
"126","e","n","n","e","w","w","o","e","k","s","g"
"3135","e","n","u","b","w","p","o","p","k","y","d"
"2876","e","n","w","b","w","p","o","p","n","y","d"
"1753","e","n","h","e","w","w","o","e","n","s","g"
"865","e","a","w","c","w","w","o","p","n","s","m"
"2109","e","n","w","b","p","w","o","p","k","v","d"
"3569","e","n","u","b","g","w","o","p","n","v","d"
"2347","e","n","h","e","w","w","o","e","n","s","g"
"2503","e","n","w","b","p","p","o","p","k","v","d"
"1014","e","n","n","e","w","w","o","e","k","s","g"
"2188","e","n","n","b","p","w","o","p","k","y","d"
"194","e","a","w","b","w","w","o","p","n","v","d"
"51","e","a","w","r","w","w","o","p","k","s","g"
"900","e","l","n","c","w","w","o","p","k","s","g"
"243","e","a","w","c","w","w","o","p","n","n","m"
"2011","e","n","k","e","w","w","o","e","n","a","g"
"1491","e","n","p","e","w","w","o","e","k","s","g"
"2363","e","n","u","b","g","p","o","p","k","y","d"
"2189","e","n","w","b","g","p","o","p","k","v","d"
"2722","e","n","n","b","g","p","o","p","n","y","d"
"1361","e","n","p","e","w","w","o","e","n","a","g"
"7218","e","n","g","?","w","w","t","p","w","n","g"
"2786","e","n","n","b","g","w","o","p","k","y","d"
"7642","e","n","p","?","w","w","t","p","w","s","g"
"1170","e","a","g","c","w","w","o","p","n","n","m"
"3821","e","n","u","b","w","w","o","p","k","v","d"
"7551","e","n","g","?","w","w","t","p","w","s","g"
"3343","e","n","u","b","g","g","o","p","k","v","d"
"651","e","a","n","c","w","w","o","p","k","s","g"
"77","e","l","n","b","w","w","o","p","u","v","d"
"7778","e","n","g","?","w","w","t","p","w","s","g"
"1911","e","n","p","b","g","w","o","p","k","v","d"
"463","e","a","g","c","w","w","o","p","k","s","g"
"8001","e","n","n","?","o","o","o","p","n","c","l"
"3345","e","n","n","b","p","p","o","p","n","v","d"
"1223","e","n","k","e","w","w","o","e","n","a","g"
"2364","e","n","n","b","w","p","o","p","k","y","d"
"6850","e","n","n","?","o","o","o","p","o","c","l"
"5545","e","n","w","?","w","w","t","e","w","c","w"
"3217","e","n","w","b","g","g","o","p","k","v","d"
"2518","e","n","w","b","g","p","o","p","k","y","d"
"3944","e","n","p","b","w","g","o","p","n","y","d"
"2271","e","n","n","b","p","w","o","p","n","v","d"
"1429","e","l","n","r","w","w","o","p","k","s","p"
"2740","e","n","u","b","p","w","o","p","k","y","d"
"640","e","a","g","c","w","w","o","p","k","s","m"
"604","e","l","n","r","w","w","o","p","n","s","p"
"2229","e","n","p","b","g","g","o","p","k","y","d"
"2807","e","n","n","b","p","p","o","p","k","y","d"
"1049","e","n","p","b","g","w","o","p","k","v","d"
"5850","e","n","w","?","e","e","t","e","w","c","w"
"3496","e","n","w","b","w","w","o","p","n","v","d"
"578","e","l","n","c","w","w","o","p","n","s","g"
"451","e","l","k","c","w","w","o","p","n","s","m"
"5176","e","n","w","?","w","w","t","e","w","c","w"
"797","e","l","n","c","w","w","o","p","k","n","g"
"7362","e","n","w","?","w","w","t","p","w","s","g"
"2945","e","n","u","b","w","g","o","p","k","v","d"
"3214","e","n","n","b","p","p","o","p","n","v","d"
"2832","e","n","u","b","p","p","o","p","k","y","d"
"475","e","l","n","b","w","w","o","p","n","v","d"
"868","e","l","p","r","w","w","o","p","n","y","p"
"1097","e","n","p","e","w","w","o","e","k","a","g"
"231","e","n","n","e","w","w","o","p","k","y","u"
"5516","e","n","h","?","w","w","o","f","h","y","d"
"3724","e","n","w","b","g","w","o","p","k","v","d"
"1393","e","n","h","e","w","w","o","e","k","a","g"
"2802","e","n","h","e","w","w","o","e","n","s","g"
"6999","e","n","w","?","w","w","t","p","w","s","g"
"2371","e","n","w","b","p","w","o","p","k","y","d"
"2396","e","n","u","b","g","w","o","p","k","y","d"
"1568","e","n","h","e","w","w","o","e","n","a","g"
"668","e","l","p","r","w","w","o","p","n","y","g"
"347","e","l","n","b","w","w","o","p","n","v","d"
"2453","e","n","k","e","w","w","o","e","n","a","g"
"2618","e","n","u","b","g","w","o","p","n","y","d"
"1644","e","n","p","e","w","w","o","e","k","a","g"
"794","e","a","n","c","w","w","o","p","n","n","g"
"3806","e","n","u","b","p","p","o","p","k","y","d"
"1653","e","n","h","e","w","w","o","e","k","s","g"
"2096","e","n","p","b","g","w","o","p","k","y","d"
"1993","e","n","h","e","w","w","o","e","n","a","g"
"5631","e","n","w","b","w","n","o","e","w","v","l"
"4931","e","n","w","b","w","n","o","e","w","v","l"
"2425","e","n","u","b","w","w","o","p","n","y","d"
"3415","e","n","w","b","g","w","o","p","n","y","d"
"3517","e","n","u","b","p","w","o","p","k","v","d"
"530","e","a","w","r","w","w","o","p","n","y","p"
"1162","e","n","n","e","w","w","o","e","k","s","g"
"538","e","n","p","e","w","w","o","p","k","v","u"
"2576","e","n","n","b","w","w","o","p","k","y","d"
"808","e","a","p","r","w","w","o","p","k","y","g"
"2067","e","n","p","b","p","p","o","p","n","v","d"
"5563","e","n","e","?","w","w","t","e","w","c","w"
"2604","e","n","w","b","p","w","o","p","k","y","d"
"1355","e","n","p","e","w","w","o","e","k","a","g"
"1651","e","n","p","e","w","w","o","e","n","a","g"
"1274","e","n","k","e","w","w","o","e","n","a","g"
"2965","e","n","u","b","p","w","o","p","k","y","d"
"7010","e","n","g","?","w","w","t","p","w","s","g"
"7605","e","n","p","?","w","w","t","p","w","s","g"
"2508","e","n","w","b","w","p","o","p","k","y","d"
"3124","e","n","n","b","w","g","o","p","k","v","d"
"3471","e","n","u","b","g","p","o","p","n","y","d"
"3371","e","n","w","b","w","g","o","p","k","v","d"
"995","e","n","k","e","w","w","o","e","k","s","g"
"5950","e","n","w","b","w","n","o","e","w","v","l"
"408","e","a","g","c","w","w","o","p","n","s","m"
"1593","e","n","p","e","w","w","o","e","k","s","g"
"467","e","a","g","c","w","w","o","p","k","n","m"
"2247","e","n","p","b","g","p","o","p","n","v","d"
"3248","e","n","u","b","w","g","o","p","n","v","d"
"3799","e","n","u","b","w","g","o","p","n","v","d"
"1341","e","n","n","e","w","w","o","e","k","a","g"
"234","e","n","k","e","w","w","o","p","k","v","u"
"7183","e","n","n","?","o","o","o","p","n","c","l"
"1695","e","n","n","e","w","w","o","e","n","a","g"
"1271","e","n","n","e","w","w","o","e","k","s","g"
"1711","e","n","p","e","w","w","o","e","k","a","g"
"2923","e","n","u","b","p","w","o","p","k","y","d"
"2603","e","n","n","b","p","g","o","p","k","v","d"
"3486","e","n","w","b","p","w","o","p","k","v","d"
"486","e","a","p","r","w","w","o","p","k","y","g"
"2716","e","n","p","b","g","w","o","p","k","y","d"
"2830","e","n","p","b","w","p","o","p","n","y","d"
"1109","e","l","k","c","w","w","o","p","n","n","g"
"284","e","l","k","c","w","w","o","p","k","s","m"
"3962","e","n","w","b","p","p","o","p","k","v","d"
"5817","e","n","e","?","w","e","t","e","w","c","w"
"1495","e","n","n","e","w","w","o","e","k","a","g"
"680","e","a","g","c","w","w","o","p","k","s","m"
"2793","e","n","u","b","w","w","o","p","n","v","d"
"3513","e","n","w","b","w","p","o","p","n","y","d"
"2409","e","n","w","b","g","w","o","p","k","y","d"
"3399","e","n","n","b","g","p","o","p","n","v","d"
"1366","e","n","p","e","w","w","o","e","n","s","g"
"162","e","a","n","c","w","w","o","p","k","n","g"
"3409","e","n","n","b","g","w","o","p","n","y","d"
"2034","e","n","p","b","g","g","o","p","k","y","d"
"5072","e","n","e","?","w","w","t","e","w","c","w"
"425","e","l","n","c","w","w","o","p","n","n","m"
"3616","e","n","n","b","w","w","o","p","k","y","d"
"693","e","a","p","r","w","w","o","p","n","s","p"
"310","e","n","n","e","w","w","o","e","n","s","g"
"4932","e","n","e","?","e","e","t","e","w","c","w"
"3368","e","n","w","b","w","g","o","p","k","v","d"
"2049","e","n","p","b","w","g","o","p","k","v","d"
"3068","e","n","p","b","w","g","o","p","k","y","d"
"3696","e","n","w","b","g","w","o","p","n","y","d"
"159","e","a","n","c","w","w","o","p","k","s","m"
"2669","e","n","w","b","g","g","o","p","n","y","d"
"1394","e","n","p","e","w","w","o","e","k","s","g"
"5435","e","n","w","b","w","n","o","e","w","v","l"
"3029","e","n","p","b","w","p","o","p","n","y","d"
"510","e","n","p","e","w","w","o","p","n","v","u"
"1919","e","n","k","e","w","w","o","e","k","s","g"
"810","e","l","p","b","w","w","o","p","n","v","d"
"8058","e","n","o","?","o","o","o","p","o","v","l"
"7737","e","n","p","?","w","w","t","p","w","n","g"
"2231","e","n","p","b","p","w","o","p","n","v","d"
"2972","e","n","u","b","p","p","o","p","k","v","d"
"1970","e","n","h","e","w","w","o","e","k","s","g"
"7144","e","n","p","?","w","w","t","p","w","n","g"
"2204","e","n","p","b","g","g","o","p","k","y","d"
"2107","e","n","p","b","w","w","o","p","n","v","d"
"5600","e","n","w","?","w","w","o","f","h","y","d"
"3054","e","n","w","b","w","g","o","p","n","v","d"
"952","e","l","n","c","w","w","o","p","k","s","g"
"1861","e","n","u","b","g","g","o","p","n","y","d"
"548","e","n","g","e","w","w","o","p","n","v","u"
"2697","e","n","p","b","g","p","o","p","k","y","d"
"2707","e","n","u","b","g","w","o","p","n","y","d"
"2406","e","n","w","b","w","w","o","p","n","v","d"
"2354","e","n","w","b","w","w","o","p","k","y","d"
"3137","e","n","p","b","g","w","o","p","k","v","d"
"8078","e","n","o","?","o","o","o","p","o","v","l"
"905","e","l","w","c","w","w","o","p","n","n","m"
"5493","e","n","e","?","e","w","t","e","w","c","w"
"4078","e","n","u","b","p","w","o","p","n","y","d"
"1954","e","n","u","b","p","w","o","p","n","v","d"
"1905","e","n","k","e","w","w","o","e","n","s","g"
"2806","e","n","w","b","w","p","o","p","k","y","d"
"2487","e","n","u","b","p","g","o","p","k","v","d"
"166","e","l","w","r","w","w","o","p","n","y","p"
"5774","e","n","p","?","w","w","o","f","h","y","d"
"7941","e","n","w","b","w","w","t","p","w","y","p"
"2497","e","n","u","b","w","w","o","p","n","y","d"
"388","e","n","n","e","w","w","o","e","k","a","g"
"3677","e","n","p","b","p","g","o","p","n","y","d"
"7491","e","n","n","?","o","o","o","p","y","c","l"
"163","e","n","k","e","w","w","o","p","n","y","u"
"8103","e","n","y","?","o","o","o","p","n","c","l"
"7561","e","n","w","?","w","w","t","p","w","n","g"
"138","e","a","n","c","w","w","o","p","n","s","g"
"4114","e","n","u","b","p","w","o","p","n","v","d"
"5765","e","n","u","?","w","w","o","f","h","y","d"
"7666","e","n","y","?","o","o","o","p","n","v","l"
"398","e","l","w","c","w","w","o","p","n","s","m"
"4055","e","n","p","b","g","g","o","p","k","v","d"
"2466","e","n","p","b","g","g","o","p","k","v","d"
"7355","e","n","g","?","w","w","t","p","w","n","g"
"1930","e","n","p","e","w","w","o","e","k","s","g"
"1686","e","n","h","e","w","w","o","e","k","s","g"
"75","e","a","k","c","w","w","o","p","k","s","g"
"5824","e","n","w","?","e","e","t","e","w","c","w"
"3276","e","n","w","b","g","w","o","p","k","y","d"
"840","e","a","w","c","w","w","o","p","k","s","g"
"3837","e","n","u","b","g","g","o","p","n","v","d"
"1468","e","a","p","b","w","w","o","p","u","v","d"
"1230","e","n","w","b","p","g","o","p","k","y","d"
"1245","e","n","k","e","w","w","o","e","n","s","g"
"3938","e","n","u","b","g","g","o","p","k","v","d"
"374","e","n","n","e","w","w","o","p","n","y","u"
"3527","e","n","p","b","g","g","o","p","n","y","d"
"1339","e","a","n","c","w","w","o","p","n","n","g"
"17","e","n","k","e","w","w","o","e","n","a","g"
"708","e","n","p","e","w","w","o","p","k","y","u"
"1145","e","n","n","e","w","w","o","e","n","a","g"
"2858","e","n","p","b","p","w","o","p","k","v","d"
"53","e","l","k","c","w","w","o","p","n","n","m"
"7920","e","n","w","b","w","w","t","p","w","v","p"
"1824","e","n","p","b","p","g","o","p","n","y","d"
"2878","e","n","w","b","w","p","o","p","n","y","d"
"862","e","a","w","c","w","w","o","p","n","s","g"
"2195","e","n","p","b","p","g","o","p","k","y","d"
"2659","e","n","w","b","p","w","o","p","k","v","d"
"1253","e","n","k","e","w","w","o","e","n","a","g"
"8030","e","n","g","?","w","w","t","p","w","n","g"
"2591","e","n","p","b","g","p","o","p","k","y","d"
"817","e","a","p","r","w","w","o","p","k","y","g"
"832","e","a","w","b","w","w","o","p","n","v","d"
"844","e","n","n","e","w","w","o","p","k","y","u"
"1122","e","n","k","e","w","w","o","e","k","a","g"
"8075","e","n","w","?","w","w","t","p","w","n","g"
"2358","e","n","p","b","p","g","o","p","n","y","d"
"2693","e","n","w","b","w","p","o","p","n","v","d"
"975","e","n","u","b","p","w","o","p","k","y","d"
"2747","e","n","n","b","p","g","o","p","k","v","d"
"7201","e","n","w","?","w","w","t","p","w","n","g"
"2359","e","n","n","b","p","w","o","p","k","y","d"
"1885","e","n","w","b","g","p","o","p","k","v","d"
"3039","e","n","p","b","g","p","o","p","k","y","d"
"1598","e","n","p","e","w","w","o","e","k","a","g"
"3184","e","n","w","b","g","w","o","p","n","y","d"
"7665","e","n","o","?","o","o","o","p","y","c","l"
"3258","e","n","u","b","g","p","o","p","k","v","d"
"4128","e","n","p","b","p","p","o","p","k","y","d"
"3156","e","n","u","b","w","w","o","p","k","y","d"
"3900","e","n","n","b","w","w","o","p","n","y","d"
"3819","e","n","n","b","w","w","o","p","k","v","d"
"2452","e","n","w","b","p","p","o","p","n","y","d"
"7277","e","n","w","?","w","w","t","p","w","s","g"
"215","e","a","n","r","w","w","o","p","n","s","g"
"6596","p","s","b","?","w","p","o","e","w","v","l"
"6522","p","y","b","?","p","w","o","e","w","v","p"
"4006","p","f","h","b","b","p","o","l","h","y","d"
"7558","p","f","b","?","p","p","o","e","w","v","d"
"5508","p","y","b","?","p","p","o","e","w","v","l"
"6862","p","y","b","?","p","p","o","e","w","v","l"
"5868","p","n","g","b","w","w","t","p","r","v","g"
"6269","p","s","b","?","w","w","o","e","w","v","p"
"5155","p","n","w","?","w","y","o","e","w","v","d"
"5726","p","f","p","b","w","w","o","p","h","s","g"
"4686","p","f","h","b","b","n","o","l","h","y","p"
"4937","p","f","p","b","b","n","o","l","h","v","p"
"7132","p","y","b","?","w","w","o","e","w","v","d"
"6994","p","y","b","?","p","p","o","e","w","v","d"
"300","p","p","p","e","w","w","o","p","k","s","g"
"7752","p","s","b","?","w","p","o","e","w","v","d"
"6242","p","f","b","?","p","p","o","e","w","v","d"
"6302","p","y","b","?","p","p","o","e","w","v","p"
"3573","p","f","g","b","p","n","o","l","h","y","p"
"7176","p","s","b","?","w","w","o","e","w","v","l"
"1435","p","p","p","e","w","w","o","p","n","s","u"
"5578","p","n","g","b","w","w","t","p","r","v","g"
"6894","p","s","b","?","p","w","o","e","w","v","d"
"7531","p","s","b","?","w","p","o","e","w","v","d"
"7768","p","f","b","?","p","p","o","e","w","v","d"
"5082","p","f","g","b","n","b","o","l","h","v","d"
"5573","p","f","g","b","b","b","o","l","h","v","d"
"4307","p","f","h","b","p","b","o","l","h","y","d"
"3174","p","f","p","b","n","n","o","l","h","v","p"
"6924","p","f","b","?","w","w","o","e","w","v","l"
"5389","p","f","w","b","w","w","o","p","h","v","u"
"5374","p","f","p","b","w","w","o","p","h","s","g"
"7806","p","m","w","c","c","c","n","n","w","c","d"
"4437","p","f","h","b","b","n","o","l","h","v","d"
"3714","p","f","h","b","b","n","o","l","h","y","d"
"6473","p","s","b","?","w","w","o","e","w","v","l"
"6246","p","f","b","?","w","p","o","e","w","v","d"
"3561","p","c","n","b","w","w","o","p","k","s","d"
"6036","p","s","b","?","w","p","o","e","w","v","p"
"6356","p","y","b","?","w","w","o","e","w","v","p"
"6320","p","y","b","?","p","w","o","e","w","v","l"
"5138","p","n","w","b","w","w","t","p","r","v","m"
"5921","p","f","g","b","b","p","o","l","h","v","p"
"6301","p","s","b","?","w","p","o","e","w","v","d"
"38","p","p","w","e","w","w","o","p","n","s","u"
"4566","p","f","h","b","n","n","o","l","h","v","g"
"5590","p","y","b","?","w","w","o","e","w","v","l"
"7296","p","n","y","c","y","y","o","e","w","c","l"
"7636","p","m","y","c","c","c","n","n","w","c","d"
"7242","p","y","b","?","w","p","o","e","w","v","p"
"7455","p","f","b","?","w","p","o","e","w","v","l"
"7048","p","s","b","?","w","p","o","e","w","v","d"
"6460","p","s","b","?","w","p","o","e","w","v","d"
"7018","p","y","b","?","w","p","o","e","w","v","p"
"4791","p","f","h","b","p","b","o","l","h","v","p"
"123","p","p","p","e","w","w","o","p","k","v","g"
"7429","p","y","b","?","p","p","o","e","w","v","d"
"4053","p","f","p","b","p","p","o","l","h","y","d"
"6358","p","y","b","?","p","w","o","e","w","v","p"
"5340","p","f","p","b","p","b","o","l","h","y","p"
"4131","p","f","g","b","b","b","o","l","h","v","g"
"6676","p","f","b","?","p","w","o","e","w","v","d"
"8093","p","y","b","?","p","p","o","e","w","v","p"
"1988","p","p","n","e","w","w","o","p","n","s","u"
"5115","p","f","w","b","w","w","o","p","h","v","g"
"4144","p","f","p","b","w","w","o","p","h","v","u"
"3972","p","f","p","b","b","b","o","l","h","y","p"
"7181","p","s","b","?","p","w","o","e","w","v","p"
"6225","p","f","b","?","p","p","o","e","w","v","p"
"6712","p","f","b","?","w","w","o","e","w","v","l"
"4533","p","f","p","b","n","p","o","l","h","y","g"
"6077","p","y","b","?","w","p","o","e","w","v","l"
"4262","p","f","g","b","p","p","o","l","h","y","p"
"7390","p","f","b","?","p","w","o","e","w","v","p"
"5289","p","f","g","b","n","b","o","l","h","y","p"
"1638","p","p","n","e","w","w","o","p","k","v","g"
"7821","p","m","w","c","c","c","n","n","w","c","d"
"5858","p","f","g","b","n","b","o","l","h","y","d"
"6618","p","s","b","?","w","p","o","e","w","v","l"
"7025","p","y","b","?","w","p","o","e","w","v","p"
"4231","p","f","h","b","n","b","o","l","h","y","d"
"3899","p","c","p","b","w","w","o","p","n","v","d"
"54","p","p","k","e","w","w","o","p","n","v","u"
"5604","p","s","b","?","p","w","o","e","w","v","d"
"6957","p","s","b","?","w","w","o","e","w","v","l"
"6672","p","y","b","?","p","p","o","e","w","v","l"
"7415","p","f","b","?","w","p","o","e","w","v","d"
"4300","p","f","g","b","b","n","o","l","h","y","g"
"5628","p","f","g","b","b","b","o","l","h","v","p"
"4808","p","f","p","b","n","n","o","l","h","v","p"
"3904","p","f","p","b","p","b","o","l","h","v","g"
"4712","p","f","h","b","p","b","o","l","h","y","g"
"3687","p","f","g","b","p","p","o","l","h","v","g"
"7323","p","f","b","?","p","p","o","e","w","v","l"
"8067","p","f","b","?","w","w","o","e","w","v","p"
"4403","p","f","h","b","p","b","o","l","h","v","g"
"3890","p","f","h","b","n","b","o","l","h","v","d"
"2062","p","p","n","e","w","w","o","p","n","v","g"
"4353","p","f","g","b","n","n","o","l","h","v","p"
"6303","p","f","b","?","p","p","o","e","w","v","l"
"5288","p","y","b","?","p","w","o","e","w","v","d"
"6768","p","s","b","?","w","w","o","e","w","v","l"
"7481","p","m","y","c","c","c","n","n","w","c","d"
"7949","p","y","b","?","p","p","o","e","w","v","l"
"6748","p","s","b","?","p","p","o","e","w","v","p"
"4218","p","f","h","b","n","n","o","l","h","y","g"
"5028","p","f","h","b","n","b","o","l","h","v","p"
"7709","p","f","b","?","w","p","o","e","w","v","d"
"6761","p","y","b","?","p","p","o","e","w","v","d"
"3754","p","c","g","b","w","w","o","p","n","s","d"
"6079","p","s","b","?","w","w","o","e","w","v","p"
"4372","p","f","h","b","p","p","o","l","h","v","d"
"6647","p","y","b","?","p","p","o","e","w","v","p"
"1668","p","p","w","e","w","w","o","p","k","s","u"
"1205","p","p","n","e","w","w","o","p","n","s","g"
"4866","p","f","p","b","w","w","o","p","h","v","g"
"6122","p","y","b","?","w","p","o","e","w","v","p"
"5612","p","f","h","b","n","p","o","l","h","y","g"
"3809","p","f","g","b","b","p","o","l","h","y","g"
"5246","p","y","b","?","w","w","o","e","w","v","p"
"7757","p","f","b","?","p","w","o","e","w","v","p"
"222","p","p","k","e","w","w","o","p","k","s","g"
"3927","p","f","p","b","b","b","o","l","h","y","g"
"7225","p","f","b","?","w","w","o","e","w","v","d"
"7765","p","s","b","?","p","w","o","e","w","v","p"
"6575","p","y","b","?","p","w","o","e","w","v","l"
"7756","p","s","b","?","w","p","o","e","w","v","d"
"3933","p","f","g","b","p","b","o","l","h","v","d"
"4133","p","f","p","b","b","b","o","l","h","v","d"
"7504","p","y","b","?","p","w","o","e","w","v","p"
"6967","p","f","b","?","p","p","o","e","w","v","d"
"6863","p","y","b","?","p","w","o","e","w","v","d"
"4193","p","f","h","b","b","b","o","l","h","y","p"
"6682","p","f","b","?","w","w","o","e","w","v","l"
"3793","p","c","u","b","w","w","o","p","k","s","d"
"7823","p","f","b","?","w","p","o","e","w","v","p"
"5819","p","f","p","b","w","w","o","p","h","s","g"
"7925","p","y","b","?","w","w","o","e","w","v","l"
"7280","p","y","b","?","p","p","o","e","w","v","d"
"4136","p","f","g","b","p","p","o","l","h","y","g"
"1684","p","p","n","e","w","w","o","p","k","v","g"
"6966","p","y","b","?","p","w","o","e","w","v","p"
"7214","p","f","b","?","p","p","o","e","w","v","l"
"4138","p","f","h","b","b","n","o","l","h","v","p"
"4933","p","f","g","b","p","n","o","l","h","v","p"
"5941","p","n","g","b","w","w","t","p","r","v","m"
"5298","p","s","b","?","p","w","o","e","w","v","l"
"6446","p","y","b","?","w","p","o","e","w","v","l"
"1726","p","p","k","e","w","w","o","p","k","v","g"
"4610","p","f","g","b","b","p","o","l","h","v","g"
"3947","p","f","g","b","n","p","o","l","h","v","d"
"5446","p","f","w","b","w","w","o","p","h","v","g"
"6329","p","f","b","?","p","w","o","e","w","v","l"
"4480","p","f","h","b","b","b","o","l","h","v","p"
"4660","p","f","g","b","b","n","o","l","h","v","p"
"4197","p","y","b","?","p","p","o","e","w","v","d"
"6380","p","s","b","?","w","w","o","e","w","v","l"
"6846","p","s","b","?","w","w","o","e","w","v","d"
"2888","p","c","n","b","w","w","o","p","k","v","d"
"6555","p","y","b","?","w","w","o","e","w","v","p"
"4560","p","f","p","b","n","b","o","l","h","v","g"
"4391","p","f","g","b","p","n","o","l","h","y","g"
"5316","p","f","p","b","p","b","o","l","h","v","g"
"6316","p","y","b","?","p","p","o","e","w","v","d"
"6414","p","s","b","?","p","p","o","e","w","v","l"
"1586","p","p","w","e","w","w","o","p","n","v","u"
"7856","p","s","b","?","p","p","o","e","w","v","l"
"5957","p","s","b","?","p","p","o","e","w","v","p"
"3874","p","f","h","b","n","p","o","l","h","v","d"
"3912","p","f","g","b","b","n","o","l","h","y","g"
"5172","p","f","h","b","w","w","o","p","h","v","g"
"3305","p","f","g","b","b","n","o","l","h","v","g"
"6678","p","y","b","?","p","p","o","e","w","v","p"
"7324","p","m","y","c","c","c","n","n","w","c","d"
"7263","p","f","b","?","p","p","o","e","w","v","d"
"3979","p","c","u","b","w","w","o","p","k","v","d"
"6051","p","s","b","?","p","w","o","e","w","v","p"
"5139","p","f","p","b","b","b","o","l","h","y","p"
"8059","p","s","b","?","w","p","o","e","w","v","l"
"5441","p","y","b","?","p","w","o","e","w","v","d"
"8005","p","f","b","?","w","p","o","e","w","v","p"
"6012","p","s","b","?","w","p","o","e","w","v","l"
"7933","p","s","b","?","p","w","o","e","w","v","p"
"7678","p","f","b","?","w","p","o","e","w","v","p"
"3263","p","c","p","b","w","w","o","p","n","v","d"
"4750","p","c","p","b","w","w","o","p","k","s","d"
"6197","p","s","b","?","p","w","o","e","w","v","d"
"5810","p","f","p","b","b","n","o","l","h","v","d"
"7478","p","s","b","?","w","p","o","e","w","v","d"
"1406","p","p","p","e","w","w","o","p","n","s","u"
"4551","p","f","p","b","p","n","o","l","h","y","p"
"4459","p","f","h","b","b","n","o","l","h","y","g"
"6098","p","y","b","?","w","p","o","e","w","v","p"
"6102","p","s","b","?","w","w","o","e","w","v","p"
"4164","p","f","p","b","p","n","o","l","h","v","d"
"6213","p","f","b","?","p","w","o","e","w","v","p"
"5936","p","n","w","?","w","n","o","e","w","v","d"
"3180","p","f","g","b","n","p","o","l","h","v","g"
"6873","p","y","b","?","w","p","o","e","w","v","d"
"1232","p","p","w","e","w","w","o","p","n","s","g"
"5615","p","s","b","?","w","p","o","e","w","v","l"
"8117","p","s","b","?","p","w","o","e","w","v","l"
"6955","p","f","b","?","p","p","o","e","w","v","p"
"6965","p","s","b","?","p","p","o","e","w","v","l"
"4153","p","f","p","b","p","p","o","l","h","v","g"
"6092","p","y","b","?","w","p","o","e","w","v","l"
"6390","p","s","b","?","p","w","o","e","w","v","p"
"6564","p","y","b","?","w","p","o","e","w","v","p"
"6591","p","y","b","?","w","p","o","e","w","v","l"
"7070","p","y","b","?","p","w","o","e","w","v","p"
"7284","p","f","b","?","p","w","o","e","w","v","p"
"4829","p","f","p","b","w","w","o","p","h","s","u"
"6061","p","f","b","?","w","p","o","e","w","v","l"
"1704","p","p","w","e","w","w","o","p","k","s","g"
"5469","p","f","p","b","w","w","o","p","h","v","u"
"580","p","p","w","e","w","w","o","p","n","s","g"
"6772","p","f","b","?","p","w","o","e","w","v","l"
"5551","p","f","h","b","w","w","o","p","h","s","u"
"4232","p","f","p","b","p","p","o","l","h","y","p"
"6281","p","s","b","?","p","w","o","e","w","v","p"
"7288","p","f","b","?","w","w","o","e","w","v","l"
"4464","p","f","g","b","n","n","o","l","h","y","p"
"4955","p","f","g","b","b","b","o","l","h","v","p"
"4050","p","f","p","b","p","b","o","l","h","v","d"
"2698","p","f","h","b","b","p","o","l","h","y","g"
"6423","p","f","b","?","w","w","o","e","w","v","l"
"7710","p","m","y","c","c","c","n","n","w","c","d"
"5814","p","f","p","b","n","n","o","l","h","v","g"
"4915","p","f","p","b","w","w","o","p","h","s","g"
"2444","p","f","h","b","b","b","o","l","h","y","g"
"4346","p","f","p","b","b","b","o","l","h","v","p"
"5584","p","y","b","?","p","w","o","e","w","v","p"
"6864","p","y","b","?","p","w","o","e","w","v","p"
"7224","p","s","b","?","w","p","o","e","w","v","p"
"4022","p","f","h","b","p","p","o","l","h","y","d"
"6945","p","s","b","?","w","p","o","e","w","v","l"
"7083","p","f","b","?","w","w","o","e","w","v","d"
"4206","p","f","p","b","b","b","o","l","h","y","d"
"6490","p","f","b","?","w","p","o","e","w","v","p"
"5060","p","f","h","b","b","p","o","l","h","v","p"
"3920","p","f","h","b","n","b","o","l","h","v","d"
"4023","p","f","p","b","p","b","o","l","h","y","p"
"1817","p","f","h","b","n","b","o","l","h","y","g"
"6085","p","y","b","?","w","p","o","e","w","v","l"
"4639","p","f","h","b","b","p","o","l","h","v","p"
"7003","p","s","b","?","w","w","o","e","w","v","p"
"3545","p","f","h","b","p","p","o","l","h","v","d"
"186","p","p","k","e","w","w","o","p","k","s","g"
"6313","p","f","b","?","p","w","o","e","w","v","l"
"5494","p","n","g","b","w","w","t","p","r","v","m"
"701","p","p","w","e","w","w","o","p","k","s","g"
"7262","p","f","b","?","p","w","o","e","w","v","p"
"5497","p","f","h","b","p","b","o","l","h","v","g"
"4288","p","f","g","b","b","p","o","l","h","y","p"
"6436","p","s","b","?","p","p","o","e","w","v","p"
"5973","p","n","g","b","w","w","t","p","r","v","m"
"4774","p","f","h","b","n","p","o","l","h","v","p"
"7145","p","f","b","?","w","w","o","e","w","v","d"
"4736","p","f","h","b","b","n","o","l","h","y","d"
"4538","p","f","g","b","p","b","o","l","h","v","g"
"4324","p","f","p","b","n","b","o","l","h","y","g"
"3265","p","f","h","b","p","n","o","l","h","y","p"
"3942","p","f","p","b","b","p","o","l","h","v","g"
"7857","p","y","b","?","w","p","o","e","w","v","p"
"7238","p","f","b","?","w","w","o","e","w","v","l"
"6823","p","y","b","?","w","p","o","e","w","v","l"
"4317","p","f","h","b","p","b","o","l","h","v","d"
"6020","p","y","b","?","p","p","o","e","w","v","p"
"5036","p","f","p","b","p","p","o","l","h","y","g"
"3493","p","f","h","b","n","p","o","l","h","v","g"
"1155","p","p","n","e","w","w","o","p","k","v","g"
"6097","p","f","b","?","w","w","o","e","w","v","p"
"6680","p","s","b","?","w","p","o","e","w","v","d"
"3684","p","c","u","b","w","w","o","p","k","s","d"
"7363","p","y","b","?","p","w","o","e","w","v","l"
"6902","p","y","b","?","w","p","o","e","w","v","p"
"3296","p","c","n","b","w","w","o","p","n","s","d"
"1167","p","p","k","e","w","w","o","p","k","v","g"
"7253","p","y","b","?","w","w","o","e","w","v","d"
"7572","p","y","b","?","w","w","o","e","w","v","l"
"5761","p","n","g","b","w","w","t","p","r","v","g"
"2386","p","f","h","b","n","n","o","l","h","y","d"
"4509","p","f","g","b","p","n","o","l","h","y","g"
"4213","p","f","p","b","n","n","o","l","h","v","g"
"4378","p","f","p","b","p","p","o","l","h","y","d"
"7210","p","y","b","?","p","p","o","e","w","v","l"
"6287","p","f","b","?","w","p","o","e","w","v","d"
"4422","p","f","p","b","p","b","o","l","h","y","d"
"5001","p","f","g","b","n","n","o","l","h","v","d"
"4236","p","f","h","b","n","n","o","l","h","y","p"
"4737","p","f","h","b","p","b","o","l","h","y","p"
"6769","p","y","b","?","p","w","o","e","w","v","l"
"7349","p","y","b","?","p","p","o","e","w","v","l"
"3480","p","f","h","b","p","p","o","l","h","v","p"
"4935","p","f","h","b","w","w","o","p","h","v","g"
"7078","p","y","b","?","p","p","o","e","w","v","l"
"5013","p","f","g","b","b","n","o","l","h","v","g"
"4298","p","f","p","b","n","b","o","l","h","y","p"
"6695","p","s","b","?","w","p","o","e","w","v","d"
"4892","p","f","h","b","b","b","o","l","h","v","p"
"7630","p","s","b","?","w","w","o","e","w","v","l"
"7640","p","s","b","?","p","w","o","e","w","v","d"
"4734","p","f","g","b","n","p","o","l","h","v","g"
"6486","p","y","b","?","w","w","o","e","w","v","p"
"1859","p","p","w","e","w","w","o","p","n","v","g"
"3063","p","f","g","b","b","b","o","l","h","v","p"
"5454","p","f","p","b","n","n","o","l","h","v","p"
"7852","p","f","b","?","p","w","o","e","w","v","d"
"6263","p","y","b","?","p","w","o","e","w","v","l"
"7599","p","f","b","?","w","p","o","e","w","v","p"
"7170","p","f","b","?","p","p","o","e","w","v","l"
"6723","p","s","b","?","w","w","o","e","w","v","l"
"4705","p","f","h","b","w","w","o","p","h","s","u"
"6482","p","y","b","?","p","w","o","e","w","v","p"
"6190","p","s","b","?","w","p","o","e","w","v","l"
"4779","p","f","p","b","n","p","o","l","h","v","d"
"4702","p","f","p","b","n","p","o","l","h","v","p"
"6874","p","y","b","?","p","w","o","e","w","v","d"
"5279","p","n","w","b","w","w","t","p","r","v","m"
"5304","p","f","g","b","p","b","o","l","h","v","p"
"6273","p","s","b","?","p","p","o","e","w","v","p"
"4822","p","f","g","b","b","n","o","l","h","v","d"
"6527","p","s","b","?","w","w","o","e","w","v","l"
"6363","p","f","b","?","w","p","o","e","w","v","l"
"7950","p","s","b","?","p","w","o","e","w","v","l"
"4842","p","f","h","b","w","w","o","p","h","v","g"
"5657","p","f","g","b","p","p","o","l","h","v","d"
"3739","p","c","p","b","w","w","o","p","k","s","d"
"5506","p","f","h","b","w","w","o","p","h","v","g"
"4091","p","f","p","b","b","n","o","l","h","v","d"
"7126","p","s","b","?","w","p","o","e","w","v","p"
"4438","p","f","g","b","b","n","o","l","h","v","g"
"7597","p","s","b","?","p","p","o","e","w","v","d"
"6237","p","f","b","?","p","p","o","e","w","v","d"
"4980","p","f","h","b","b","n","o","l","h","y","p"
"3883","p","c","n","b","w","w","o","p","k","v","d"
"4367","p","f","p","b","b","p","o","l","h","y","p"
"1004","p","p","w","e","w","w","o","p","k","v","g"
"3657","p","c","n","b","w","w","o","p","n","s","d"
"6399","p","f","b","?","w","p","o","e","w","v","l"
"3240","p","f","h","b","b","b","o","l","h","v","d"
"6819","p","f","b","?","w","p","o","e","w","v","l"
"6264","p","s","b","?","p","w","o","e","w","v","d"
"6072","p","f","b","?","p","w","o","e","w","v","d"
"4394","p","f","g","b","p","b","o","l","h","y","d"
"6684","p","f","b","?","w","w","o","e","w","v","l"
"6515","p","y","b","?","w","w","o","e","w","v","d"
"1492","p","p","p","e","w","w","o","p","n","s","u"
"5432","p","f","p","b","b","p","o","l","h","v","g"
"4360","p","f","p","b","n","p","o","l","h","y","d"
"1434","p","p","p","e","w","w","o","p","k","s","u"
"3654","p","f","p","b","p","b","o","l","h","v","p"
"7483","p","y","b","?","p","p","o","e","w","v","p"
"4472","p","f","g","b","p","p","o","l","h","y","p"
"5928","p","n","g","b","w","w","t","p","r","v","m"
"6719","p","y","b","?","p","w","o","e","w","v","p"
"4281","p","f","h","b","n","b","o","l","h","v","d"
"6265","p","y","b","?","p","p","o","e","w","v","d"
"5204","p","f","p","b","p","p","o","l","h","v","d"
"5466","p","y","b","?","p","p","o","e","w","v","p"
"7782","p","s","b","?","w","p","o","e","w","v","l"
"5269","p","f","h","b","w","w","o","p","h","v","u"
"6727","p","s","b","?","w","p","o","e","w","v","p"
"3558","p","c","p","b","w","w","o","p","n","v","d"
"8109","p","y","b","?","p","w","o","e","w","v","l"
"3623","p","f","h","b","p","n","o","l","h","v","p"
"6253","p","f","b","?","w","w","o","e","w","v","d"
"7249","p","s","b","?","w","p","o","e","w","v","l"
"4537","p","f","g","b","n","p","o","l","h","y","p"
"1813","p","p","n","e","w","w","o","p","k","v","g"
"6651","p","s","b","?","p","w","o","e","w","v","p"
"5203","p","f","b","?","w","w","o","e","w","v","p"
"6834","p","f","b","?","p","w","o","e","w","v","l"
"7635","p","f","b","?","w","p","o","e","w","v","l"
"4592","p","f","g","b","b","p","o","l","h","v","g"
"4983","p","f","g","b","n","p","o","l","h","v","p"
"6532","p","f","b","?","p","w","o","e","w","v","d"
"5399","p","n","w","?","w","y","o","e","w","v","d"
"3700","p","c","g","b","w","w","o","p","n","v","d"
"3548","p","c","p","b","w","w","o","p","n","v","d"
"7173","p","s","b","?","p","p","o","e","w","v","l"
"5978","p","f","w","b","w","w","o","p","h","s","g"
"5131","p","f","h","b","w","w","o","p","h","s","u"
"4770","p","f","h","b","n","n","o","l","h","v","p"
"7334","p","y","b","?","p","p","o","e","w","v","d"
"5182","p","f","w","b","w","w","o","p","h","v","g"
"6605","p","s","b","?","p","w","o","e","w","v","l"
"6289","p","f","b","?","w","p","o","e","w","v","l"
"7927","p","s","b","?","p","p","o","e","w","v","d"
"3512","p","f","h","b","b","p","o","l","h","v","d"
"3970","p","c","g","b","w","w","o","p","k","v","d"
"5188","p","f","h","b","n","p","o","l","h","y","d"
"6706","p","y","b","?","p","p","o","e","w","v","d"
"8007","p","y","b","?","w","p","o","e","w","v","p"
"232","p","p","k","e","w","w","o","p","k","s","u"
"4541","p","f","h","b","b","b","o","l","h","y","g"
"6660","p","y","b","?","w","w","o","e","w","v","p"
"5861","p","f","b","?","p","w","o","e","w","v","l"
"6006","p","s","b","?","p","p","o","e","w","v","d"
"6756","p","s","b","?","p","p","o","e","w","v","d"
